No.,Student Number,Student Name,DoB,Email Address,Gender
1,144234,"Abwoga, Adrian Jared Paul",2000-06-17,apaul@gmail.com,M
2,145587,"Akong'o, Shanelle Hilda Anyango",2001-11-14,sanyango@gmail.com,F
3,145401,"Ang'edu, Jude Ocomil",2003-08-21,jocomil@gmail.com,M
4,140801,"Arunga, Kyla Neema",2003-10-26,kneema@gmail.com,F
5,137357,"Atenya, Anthony Magunga Ikobwa",2002-03-17,aikobwa@gmail.com,M
6,145346,"Budembeshe, Moses Kasuni",2002-02-24,mkasuni@gmail.com,M
7,146320,"Dessalegn, Kalid Geleta",2000-09-07,kgeleta@gmail.com,M
8,134693,"Epetet, Keith Lokwei",2001-06-08,klokwei@gmail.com,M
9,146356,"Ger, David Otieno",2001-01-28,dotieno@gmail.com,M
10,87244,"Githinji, Don Moses Thigiti",2000-04-12,dthigiti@gmail.com,M
11,145982,"Haji, Ashir Ali",2003-06-13,aali@gmail.com,M
12,145644,"Hassan, Fardowsa Abduhakim",2000-09-20,fabduhakim@gmail.com,F
13,138551,"Ismail, Ruweida Ali",2000-04-08,rali@gmail.com,F
14,137766,"Johnson, Myles Adebayo",2001-04-27,madebayo@gmail.com,M
15,141910,"Kamau, Ann Mumbi",2001-11-28,amumbi@gmail.com,F
16,145883,"Kangethe, Sharon Wanjiru",2000-02-20,swanjiru@gmail.com,F
17,145702,"Karanu, Neema Muthoni",2001-11-24,nmuthoni@gmail.com,F
18,146015,"Kiarie, Samuel Ndungu",2000-06-09,sndungu@gmail.com,M
19,146273,"Kihara, Shannon Kendi",2002-10-14,skendi@gmail.com,F
20,131652,"Kimutai, Peter Kibet",2002-09-16,pkibet@gmail.com,M
21,146602,"Kinyua, Victor Mfana",2003-10-28,vmfana@gmail.com,M
22,138458,"Kirema, Ian Muteithia",2001-03-01,imuteithia@gmail.com,M
23,122992,"Kithae, Eric Muriithi",2000-10-02,emuriithi@gmail.com,M
24,145460,"Korir, Kevin Kimutai",2002-10-26,kkimutai@gmail.com,M
25,145493,"Kwoba, Alex Wafula",2002-04-26,awafula@gmail.com,M
26,141706,"Maritim, Kelvin Kipngeno",2000-10-23,kkipngeno@gmail.com,M
27,102206,"Masaka, Zivai Takadiwa David",2002-07-06,zdavid@gmail.com,M
28,138493,"Mohamed, Ally Mahamud",2003-04-04,amahamud@gmail.com,M
29,146357,"Morekwa, David Nyamongo",2001-02-13,dnyamongo@gmail.com,M
30,144955,"Mugambi, Kelvin Karani",2000-04-10,kkarani@gmail.com,M
31,122279,"Muhia, Victor Mwaura",2000-09-26,vmwaura@gmail.com,M
32,145350,"Muiyuro, Natasha Waithira",2002-08-19,nwaithira@gmail.com,F
33,145889,"Muli, Grace Kanini",2000-04-27,gkanini@gmail.com,F
34,138348,"Muroki, Mark Gichuhi",2001-12-28,mgichuhi@gmail.com,M
35,145434,"Mutaki, Ruby Mbete",2002-06-17,rmbete@gmail.com,F
36,146098,"Mutua, Franklin Karanja",2003-10-21,fkaranja@gmail.com,M
37,134362,"Mutunga, Eric Kiamba",2003-07-11,ekiamba@gmail.com,M
38,141855,"Mutunga, Patience Kamanthe",2000-08-08,pkamanthe@gmail.com,F
39,145840,"Mwanda, George Josiah",2000-02-20,gjosiah@gmail.com,M
40,145706,"Nabaala, Andrew Kasaine",2001-07-27,akasaine@gmail.com,M
41,145890,"Naibei, Monicah",2002-11-28,mmonicah@gmail.com,F
42,145353,"Ndambiri, Yvonne Nyambura",2002-07-21,ynyambura@gmail.com,F
43,136559,"Ndungu, Sarah Laura Wangari",2003-10-01,swangari@gmail.com,F
44,145547,"Ng'ang'a, Ian Mutuge",2001-01-23,imutuge@gmail.com,M
45,145732,"Ngeno, Alvin Kipkurui",2002-12-22,akipkurui@gmail.com,M
46,89724,"Ngigi, Michael Macharia",2003-08-11,mmacharia@gmail.com,M
47,137222,"Njuguna, Elizabeth Njoki",2000-07-07,enjoki@gmail.com,F
48,146197,"Nugi, Andrew Kiarie",2003-04-15,akiarie@gmail.com,M
49,139010,"Nyambura, Erica",2002-08-26,eerica@gmail.com,F
50,139471,"Nzioki, Maureen Mutete",2002-10-05,mmutete@gmail.com,F
51,138897,"Ochanda, Steven Joel Jona",2000-04-02,sjona@gmail.com,M
52,128099,"Ogutu, Brenda Mary Anyango",2002-04-24,banyango@gmail.com,F
53,138367,"Ombeni, Mwenzangu Faraja",2001-12-03,mfaraja@gmail.com,M
54,124965,"Ombongi, Caleb Magare",2002-09-27,cmagare@gmail.com,M
55,137668,"Orony, Charis Ng'wono",2000-01-16,cng'wono@gmail.com,F
56,142005,"Owens, Nicole Owens",2000-09-14,nowens@gmail.com,F
57,141756,"Patel, Jay Hirji",2003-06-25,jhirji@gmail.com,M
58,145837,"Tonui, Martin",2002-06-02,mmartin@gmail.com,M
59,132747,"Tum, Bramwel Kipchirchir",2001-02-06,bkipchirchir@gmail.com,M
60,143621,"Wachira, Joy Muthoni",2001-08-07,jmuthoni@gmail.com,F
61,146360,"Wakaba, Rosemary Njeri",2000-01-11,rnjeri@gmail.com,F
62,124342,"Wanjao, Louis Mbugua",2001-04-20,lmbugua@gmail.com,M
63,145356,"Waweru, Monika Ng'endo",2002-05-20,mng'endo@gmail.com,F
64,137931,"Waweru, Trevor Kariuki",2002-04-19,tkariuki@gmail.com,M
